word,ipa,pos,meaning,example,example_meaning,topic
invoice,/ˈɪnvɔɪs/,n,hoá đơn,Please send the invoice to the accounting department.,Vui lòng gửi hoá đơn tới phòng kế toán.,Finance
reimburse,/ˌriːɪmˈbɜːrs/,v,hoàn trả (chi phí),The company will reimburse your travel expenses.,Công ty sẽ hoàn trả chi phí đi lại của bạn.,Finance
budget,/ˈbʌdʒɪt/,n,ngân sách,We need to stay within budget.,Chúng ta cần giữ trong ngân sách.,Finance
revenue,/ˈrevənuː/,n,doanh thu,Revenue increased by 15% this quarter.,Doanh thu tăng 15% trong quý này.,Finance
applicant,/ˈæplɪkənt/,n,ứng viên,All applicants must submit a résumé.,Tất cả ứng viên phải nộp sơ yếu lý lịch.,Hiring
qualified,/ˈkwɑːlɪfaɪd/,adj,đủ năng lực/trình độ,She is highly qualified for the position.,Cô ấy rất đủ năng lực cho vị trí này.,Hiring
interview,/ˈɪntərvjuː/,n/v,phỏng vấn,The interview is scheduled for Tuesday.,Buổi phỏng vấn được lên lịch vào thứ Ba.,Hiring
promote,/prəˈmoʊt/,v,thăng chức; quảng bá,He was promoted to sales manager.,Anh ấy được thăng chức làm quản lý bán hàng.,Hiring
itinerary,/aɪˈtɪnəreri/,n,lịch trình chuyến đi,Your travel itinerary has been emailed to you.,Lịch trình chuyến đi đã được gửi qua email cho bạn.,Travel
reservation,/ˌrezərˈveɪʃn/,n,sự đặt chỗ,I'd like to make a reservation for two.,Tôi muốn đặt chỗ cho hai người.,Travel
delay,/dɪˈleɪ/,n/v,sự trì hoãn; làm chậm,The flight was delayed due to bad weather.,Chuyến bay bị hoãn do thời tiết xấu.,Travel
accommodate,/əˈkɑːmədeɪt/,v,cung cấp chỗ ở; đáp ứng,The hotel can accommodate up to 300 guests.,Khách sạn có thể chứa tới 300 khách.,Travel
deadline,/ˈdedlaɪn/,n,hạn chót,The deadline for the report is Friday.,Hạn chót nộp báo cáo là thứ Sáu.,Office
agenda,/əˈdʒendə/,n,chương trình nghị sự,The first item on the agenda is the budget.,Mục đầu tiên trong chương trình họp là ngân sách.,Office
postpone,/poʊstˈpoʊn/,v,hoãn lại,The meeting has been postponed until next week.,Cuộc họp đã được hoãn sang tuần sau.,Office
supervisor,/ˈsuːpərvaɪzər/,n,người giám sát,Please ask your supervisor for approval.,Vui lòng xin phê duyệt từ người giám sát của bạn.,Office
warranty,/ˈwɔːrənti/,n,bảo hành,The printer comes with a two-year warranty.,Máy in có bảo hành hai năm.,Purchasing
refund,/ˈriːfʌnd/,n,tiền hoàn lại,You can request a full refund within 30 days.,Bạn có thể yêu cầu hoàn tiền toàn bộ trong 30 ngày.,Purchasing
shipment,/ˈʃɪpmənt/,n,lô hàng,The shipment will arrive on Monday.,Lô hàng sẽ đến vào thứ Hai.,Purchasing
inventory,/ˈɪnvəntɔːri/,n,hàng tồn kho,We need to check the inventory before ordering.,Chúng ta cần kiểm tra hàng tồn kho trước khi đặt.,Purchasing
